,movie_genres,movie_id,movie_title,poster_url,movie_url,description,rating,num_review,director,writer,cast,age_rating,year,movie_length
0,[ 4  7 14],1100,What Happened Was... (1994),https://images-na.ssl-images-amazon.com/images/M/MV5BMTQwMTY0NTY5OF5BMl5BanBnXkFtZTcwOTIzODEzMQ@@..jpg,http://www.imdb.com/title/tt0111689/?ref_=fn_al_tt_1,"Jackie and Michael are coworkers at a large law firm, who decide to meet at Jackie's for dinner one night. As this 'first date' plays out, the audience is guided through a mental minefield of disappointment.",7.2,1.4K,['Tom Noonan'],['Tom Noonan'],"['Tom Noonan', 'Karen Sillas']",R,1994,1h 31min
1,[7],1214,In the Realm of the Senses (Ai no corrida) (1976),https://images-na.ssl-images-amazon.com/images/M/MV5BYWZmOWU0ZTktYTRjOC00ZmMwLTk5ZTQtNDM0Y2VhOWM4M2NjXkEyXkFqcGdeQXVyNjc1NTYyMjg@..jpg,http://www.imdb.com/title/tt0074102/?ref_=fn_al_tt_1,"A passionate telling of the story of Sada Abe, a woman whose affair with her master led to an obsessive and ultimately destructive sexual relationship.",6.6,20K,['Nagisa Ôshima'],"['Kôji Wakamatsu', 'Nagisa Ôshima']","['Tatsuya Fuji', 'Eiko Matsuda', 'Aoi Nakajima', 'Yasuko Matsui', 'Meika Seri', 'Kanae Kobayashi', 'Taiji Tonoyama', 'Kyôji Kokonoe', 'Naomi Shiraishi', 'Shinkichi Noda', 'Komikichi Hori', 'Kikuhei Matsunoya', 'Akiko Koyama', 'Yuriko Azuma', 'Rei Minami', 'Machiko Aoki', 'Mariko Abe', 'Kyôko Okada']",X,1976,1h 49min
2,[ 7 18],199,"Bridge on the River Kwai, The (1957)",https://images-na.ssl-images-amazon.com/images/M/MV5BMzBjNDMxMDEtZjE3OC00YjAyLWJjZjgtOTYzY2E1MzZjNGMzXkEyXkFqcGdeQXVyNjc1NTYyMjg@..jpg,http://www.imdb.com/title/tt0050212/?ref_=fn_al_tt_1,"British POWs are forced to build a railway bridge across the river Kwai for their Japanese captors in occupied Burma, not knowing that the allied forces are planning a daring commando raid through the jungle to destroy it.",8.1,212K,['David Lean'],"['Pierre Boulle', 'Carl Foreman', 'Michael Wilson']","['William Holden', 'Alec Guinness', 'Jack Hawkins', 'Sessue Hayakawa', 'James Donald', 'Geoffrey Horne', 'André Morell', 'Peter Williams', 'John Boxer', 'Percy Herbert', 'Harold Goodwin', 'Ann Sears', 'Heihachirô Ôkawa', 'Keiichirô Katsumoto', 'M.R.B. Chakrabandhu', 'Vilaiwan Seeboonreaung', 'Ngamta Suphaphongs', 'Javanart Punynchoti']",PG,1957,2h 41min
3,[10 16],834,Halloween: The Curse of Michael Myers (1995),https://images-na.ssl-images-amazon.com/images/M/MV5BMzQ3MjgzMWMtMjJhMy00MmVjLTllMzMtMWVjMmMxNTIzNWQ0XkEyXkFqcGdeQXVyMTQxNzMzNDI@..jpg,http://www.imdb.com/title/tt0113253/?ref_=fn_al_tt_1,"Six years after Michael Myers last terrorized Haddonfield, he returns there in pursuit of his niece, Jamie Lloyd, who has escaped with her newborn child, for which Michael and a mysterious cult have sinister plans.",4.8,33K,['Joe Chappelle'],"['Debra Hill', 'John Carpenter', 'Daniel Farrands']","['Donald Pleasence', 'Paul Rudd', 'Marianne Hagan', 'Mitchell Ryan', 'Kim Darby', 'Bradford English', 'Keith Bogart', ""Mariah O'Brien"", 'Leo Geter', 'J.C. Brandy', 'Devin Gardner', 'Susan Swift', 'George P. Wilbur', 'Janice Knickrehm', 'Alan Echeverria', 'Hildur Ruriks', 'Sheri Hicks', 'Tom Proctor']",R,1995,1h 27min
4,[7],1193,Before the Rain (Pred dozhdot) (1994),https://images-na.ssl-images-amazon.com/images/M/MV5BMTM3MzAwMzc1N15BMl5BanBnXkFtZTcwMjA4NjA3MQ@@..jpg,http://www.imdb.com/title/tt0110882/?ref_=fn_al_tt_1,Three interconnected stories of love under the threat of civil war in Macedonia and London.,8.0,14K,['Milcho Manchevski'],['Milcho Manchevski'],"['Katrin Cartlidge', 'Rade Serbedzija', 'Grégoire Colin', 'Josif Josifovski', 'Boris Delcevski', 'Dejan Velkov', 'Kiril Ristoski', 'Mladen Krstevski', 'Dzemail Maksut', 'Labina Mitevska', 'Mile Jovanovski', 'Milica Stojanova', 'Petar Mircevski', 'Ljupco Bresliski', 'Igor Madzirov', 'Kiril Psaltirov', 'Metodi Psaltirov', 'Ilko Stefanovski']",Not Rated,1994,1h 53min
5,[ 5  9 16],823,Mulholland Falls (1996),https://images-na.ssl-images-amazon.com/images/M/MV5BOTcwMDE3MTQ5OV5BMl5BanBnXkFtZTcwMzA0MDQ1NA@@..jpg,http://www.imdb.com/title/tt0117107/?ref_=fn_al_tt_1,"In 1950's Los Angeles, a special crime squad of the LAPD investigates the murder of a young woman.",6.3,17K,['Lee Tamahori'],"['Peter Dexter', 'Floyd Mutrux']","['Nick Nolte', 'Melanie Griffith', 'Jennifer Connelly', 'Chazz Palminteri', 'Michael Madsen', 'Chris Penn', 'Treat Williams', 'Daniel Baldwin', 'Andrew McCarthy', 'John Malkovich', 'Kyle Chandler', 'Ed Lauter', 'Larry Garrison', 'Chelsea Harrington', 'Johnna Johnson', 'Rick Johnson', 'Britt Burr', 'Melinda Clarke']",R,1996,1h 47min
6,[ 0 15 16],976,Solo (1996),https://images-na.ssl-images-amazon.com/images/M/MV5BNzI1NDIyMDc1Ml5BMl5BanBnXkFtZTcwNjU2ODMyMQ@@..jpg,http://www.imdb.com/title/tt0117688/?ref_=fn_al_tt_1,"Mario Van Peebles stars as an android killing weapon designed by the military and utilized to enter into a Latin American war to destroy the rebels - natives fighting simply to maintain their freedom. Contrary to his programming, he develops an affinity for the villagers and decides to help them fight back. This lets his creators bring him back and ultimately leads to one of them being given more powerful circuitry to defeat him.",4.1,4.3K,['Norberto Barba'],"['Robert Mason', 'David L. Corley']","['Mario Van Peebles', 'William Sadler', 'Barry Corbin', 'Jaime Gomez', 'Demián Bichir', 'Seidy Lopez', 'Abraham Verduzco', 'Joaquín Garrido', 'William Wallace', 'Adrien Brody', 'Brent Schaeffer', 'Lucas Dudley', 'Christopher Michael', 'Rafael Velasco', 'Abel Woolrich', 'Farnesio de Bernal', 'Socorro Avelar', 'Álvaro Carcaño']",PG-13,1996,1h 34min
7,[7],1053,Now and Then (1995),https://images-na.ssl-images-amazon.com/images/M/MV5BMTM2MDQ1YjUtMGM0NC00NmFlLTljMDktZjJiNWRhMWYxOWYyXkEyXkFqcGdeQXVyNjgzMjI4ODE@..jpg,http://www.imdb.com/title/tt0114011/?ref_=fn_al_tt_1,Four 12-year-old girls grow up together during an eventful small-town summer in 1970.,6.8,28K,['Lesli Linka Glatter'],['I. Marlene King'],"['Christina Ricci', 'Demi Moore', ""Rosie O'Donnell"", 'Thora Birch', 'Melanie Griffith', 'Gaby Hoffmann', 'Ashleigh Aston Moore', 'Rita Wilson', 'Devon Sawa', 'Walter Sparrow', 'Cloris Leachman', 'Lolita Davidovich', 'Janeane Garofalo', 'Hank Azaria', 'Bonnie Hunt', 'Rumer Willis', 'Bradley Coryell', 'Justin Humphrey']",PG-13,1995,1h 40min
8,[ 0  1  4 15],257,Men in Black (1997),https://images-na.ssl-images-amazon.com/images/M/MV5BOTlhYTVkMDktYzIyNC00NzlkLTlmN2ItOGEyMWQ4OTA2NDdmXkEyXkFqcGdeQXVyNTAyODkwOQ@@..jpg,http://www.imdb.com/title/tt0119654/?ref_=fn_al_tt_1,A police officer joins a secret organization that polices and monitors extraterrestrial interactions on Earth.,7.3,537K,['Barry Sonnenfeld'],"['Lowell Cunningham', 'Ed Solomon']","['Tommy Lee Jones', 'Will Smith', 'Linda Fiorentino', ""Vincent D'Onofrio"", 'Rip Torn', 'Tony Shalhoub', 'Siobhan Fallon Hogan', 'Mike Nussbaum', 'Jon Gries', 'Sergio Calderón', 'Carel Struycken', 'Fredric Lehne', 'Richard Hamilton', 'Kent Faulcon', 'John Alexander', 'Keith Campbell', 'Ken Thorley', 'Patrick Breen']",PG-13,1997,1h 38min
9,[4],845,That Thing You Do! (1996),https://images-na.ssl-images-amazon.com/images/M/MV5BOWVmN2ZhZjgtZGEzMy00NDkxLWI5YWQtYTE2ZTk0YzIyMzc0XkEyXkFqcGdeQXVyMTQxNzMzNDI@..jpg,http://www.imdb.com/title/tt0117887/?ref_=fn_al_tt_1,"A local Pennsylvania band scores a one-hit wonder in 1964 and rides the star-making machinery as long as they can, with lots of help from their manager.",6.9,66K,['Tom Hanks'],['Tom Hanks'],"['Tom Hanks', 'Liv Tyler', 'Charlize Theron', 'Tom Everett Scott', 'Johnathon Schaech', 'Steve Zahn', 'Ethan Embry', 'Obba Babatundé', 'Giovanni Ribisi', 'Chris Ellis', 'Alex Rocco', 'Bill Cobbs', 'Peter Scolari', 'Rita Wilson', 'Chris Isaak', 'Kevin Pollak', 'Robert Torti', 'Chaille Percival']",PG,1996,1h 48min
10,[10],448,"Omen, The (1976)",https://images-na.ssl-images-amazon.com/images/M/MV5BOTdmOTJkNTktZWE0Yy00YmIyLWFmOTYtZjgxM2VlMTQ4YzlmXkEyXkFqcGdeQXVyNTA4NzY1MzY@..jpg,http://www.imdb.com/title/tt0075005/?ref_=fn_al_tt_1,Mysterious deaths surround an American ambassador. Could the child that he is raising actually be the Antichrist? The Devil's own son?,7.5,113K,['Richard Donner'],['David Seltzer'],"['Gregory Peck', 'Lee Remick', 'Harvey Stephens', 'David Warner', 'Billie Whitelaw', 'Patrick Troughton', 'Martin Benson', 'Robert Rietty', 'Tommy Duggan', 'John Stride', 'Anthony Nicholls', 'Holly Palance', 'Roy Boyd', 'Freda Dowie', 'Sheila Raynor', 'Robert MacLeod', 'Bruce Boa', 'Don Fellows']",R,1976,1h 51min
11,[ 0  7 14],1483,"Man in the Iron Mask, The (1998)",https://images-na.ssl-images-amazon.com/images/M/MV5BZjM2YzcxMmQtOTc2Mi00YjdhLWFlZjUtNmFmMDQzYzU2YTk5L2ltYWdlXkEyXkFqcGdeQXVyNTAyODkwOQ@@..jpg,http://www.imdb.com/title/tt0120744/?ref_=fn_al_tt_1,The cruel King Louis XIV of France has a secret twin brother whom he keeps imprisoned. Can the twin be substituted for the real king?,6.5,162K,['Randall Wallace'],"['Alexandre Dumas', 'Randall Wallace']","['Leonardo DiCaprio', 'Jeremy Irons', 'John Malkovich', 'Gérard Depardieu', 'Gabriel Byrne', 'Anne Parillaud', 'Judith Godrèche', 'Edward Atterton', 'Peter Sarsgaard', 'Hugh Laurie', 'David Lowe', 'Brigitte Boucher', 'Matthew Jocelyn', 'Karine Belly', 'Emmanuel Guttierez', 'Christian Erickson', 'François Montagut', 'Andrew Wallace']",PG-13,1998,2h 12min
12,[4],1500,Santa with Muscles (1996),https://images-na.ssl-images-amazon.com/images/M/MV5BMTBkNmZhZGUtMzkyNi00ZThhLTg1YmQtMzUyNjA3MzA3MTAxXkEyXkFqcGdeQXVyNjA3OTI5MjA@..jpg,http://www.imdb.com/title/tt0117550/?ref_=fn_al_tt_1,An evil millionaire believes he is Santa Claus after an accident renders him amnesiac.,2.6,8.9K,['John Murlowski'],"['Jonathan Bond', 'Fred Mata', 'Dorrie Krum Raymond']","['Hulk Hogan', 'Don Stark', 'Robin Curtis', 'Garrett Morris', 'Aria Noelle Curzon', 'Adam Wylie', 'Mila Kunis', 'Jennifer Paz', 'Clint Howard', 'William Newman', 'Robert Apisa', 'Pierre Dulat', 'Steve Valentine', 'Ed Begley Jr.', 'Kai Ephron', 'Diane Robin', 'Kevin West', 'Eddy Donno']",PG,1996,1h 37min
13,[4 6],1649,"Big One, The (1997)",https://images-na.ssl-images-amazon.com/images/M/MV5BMTUxNDgzNTMyNF5BMl5BanBnXkFtZTcwODM3NTYyMQ@@..jpg,http://www.imdb.com/title/tt0124295/?ref_=fn_al_tt_1,"On his book tour, Michael Moore exposes more wrongdoing by greedy big businesses and callous politicians around America.",7.0,7.9K,['Michael Moore'],['Michael Moore'],"['Michael Moore', 'Elaine Bly', 'Dan Burns', 'Chip Carter', 'Bill Clinton', 'Jim Czarnecki', 'Brian Danitz', 'Robert Dornan', 'Joel Feick', 'Steve Forbes', 'Doug France', 'Mary Gielow', 'Bev Jacowski', 'Richard Jewell', 'Kevin Keane', 'Garrison Keillor', 'Andy Crash Kelly', 'Phil Knight']",PG-13,1997,1h 31min
14,[7],617,"Blue Angel, The (Blaue Engel, Der) (1930)",https://images-na.ssl-images-amazon.com/images/M/MV5BNDkyMjgzMDU2Ml5BMl5BanBnXkFtZTgwMzg0MTE1MjE@..jpg,http://www.imdb.com/title/tt0020697/?ref_=fn_al_tt_1,An elderly professor's ordered life spins dangerously out of control when he falls for a nightclub singer.,7.7,15K,['Josef von Sternberg'],"['Heinrich Mann', 'Carl Zuckmayer', 'Karl Vollmöller']","['Emil Jannings', 'Marlene Dietrich', 'Kurt Gerron', 'Rosa Valetti', 'Hans Albers', 'Reinhold Bernt', 'Károly Huszár', 'Die Weintraub Syncopators', 'Eduard von Winterstein', 'Hans Roth', 'Rolf Müller', 'Roland Varno', 'Carl Balhaus', 'Robert Klein-Lörk', 'Wilhelm Diegelmann', 'Gerhard Bienert', 'Ilse Fürstenberg', 'Friedrich Hollaender']",Not Rated,1930,1h 44min
15,[ 4 12],1298,"Band Wagon, The (1953)",https://images-na.ssl-images-amazon.com/images/M/MV5BNGUxZmJkZTgtMmI1Ny00Mzg3LWFlY2QtMjNkM2QwZGVhYTQyL2ltYWdlL2ltYWdlXkEyXkFqcGdeQXVyNjc1NTYyMjg@..jpg,http://www.imdb.com/title/tt0045537/?ref_=fn_al_tt_1,A pretentiously artistic director is hired for a new Broadway musical and changes it beyond recognition.,7.5,11K,['Vincente Minnelli'],"['Betty Comden', 'Adolph Green', 'Norman Corwin']","['Fred Astaire', 'Cyd Charisse', 'Oscar Levant', 'Nanette Fabray', 'Jack Buchanan', 'James Mitchell', 'Robert Gist', 'India Adams', 'Fred Aldrich', 'Richard Alexander', 'Ernest Anderson', 'Barbara Bailey', 'Patsy Bangs', 'Lysa Baugher', 'Mary Bayless', 'Brandon Beach', 'Ralph Beaumont', 'Don Beddoe']",Passed,1953,1h 52min
16,[10 15],616,Night of the Living Dead (1968),https://images-na.ssl-images-amazon.com/images/M/MV5BMjRjZjE3OGUtYzIyYy00NGRkLTliYTUtYmI1ZjQ3YmZjYTZiXkEyXkFqcGdeQXVyMTQxNzMzNDI@..jpg,http://www.imdb.com/title/tt0063350/?ref_=fn_al_tt_1,A ragtag group of Pennsylvanians barricade themselves in an old farmhouse to remain safe from a horde of flesh-eating ghouls that are ravaging the East Coast of the United States.,7.9,122K,['George A. Romero'],"['John A. Russo', 'George A. Romero']","['Duane Jones', ""Judith O'Dea"", 'Karl Hardman', 'Marilyn Eastman', 'Keith Wayne', 'Judith Ridley', 'Kyra Schon', 'Charles Craig', 'S. William Hinzman', 'George Kosana', 'Frank Doak', 'Bill Cardille', 'A.C. McDonald', 'Samuel R. Solito', 'Mark Ricci', 'Lee Hartman', 'Jack Givens', 'Rudy Ricci']",Not Rated,1968,1h 36min
17,[7],1112,Cobb (1994),https://images-na.ssl-images-amazon.com/images/M/MV5BMzg5YzgwMjgtOWFiYy00YmEyLWJlY2EtZjg5YWQwOTlkMTBlXkEyXkFqcGdeQXVyMTQxNzMzNDI@..jpg,http://www.imdb.com/title/tt0109450/?ref_=fn_al_tt_1,A reporter hired to write the 'official' biography of Ty Cobb discovers just how dark the baseball legend's real story is.,6.4,7.5K,['Ron Shelton'],"['Al Stump', 'Ron Shelton']","['Tommy Lee Jones', 'Robert Wuhl', 'Lolita Davidovich', 'Ned Bellamy', 'Scott Burkholder', 'Allan Malamud', 'Bill Caplan', 'Jeff Fellenzer', 'Doug Krikorian', 'Gavin Smith', 'Lou Myers', 'William Utay', 'J. Kenneth Campbell', 'Rhoda Griffis', 'Tyler Logan Cobb', 'Gary Morris', 'Harry Herthum', 'Jay Chevalier']",R,1994,2h 8min
18,[ 4 14],49,I.Q. (1994),https://images-na.ssl-images-amazon.com/images/M/MV5BN2VkMzZlMTctZjVlOS00NmQ1LTg1ZDItMDc5NzhlNDRhMjRiXkEyXkFqcGdeQXVyMTQxNzMzNDI@..jpg,http://www.imdb.com/title/tt0110099/?ref_=fn_al_tt_1,"A mechanic romances the mathematician niece of physicist Albert Einstein, with help from him and his friends.",6.2,25K,['Fred Schepisi'],"['Andy Breckman', 'Michael Leeson']","['Tim Robbins', 'Meg Ryan', 'Walter Matthau', 'Lou Jacobi', 'Gene Saks', 'Joseph Maher', 'Stephen Fry', 'Tony Shalhoub', 'Frank Whaley', 'Charles Durning', 'Keene Curtis', 'Alice Playten', 'Danny Zorn', 'Helen Hanft', 'Roger Berlind', 'Arthur Berwick', 'Timothy Jerome', 'John McDonough']",PG,1994,1h 40min
19,[ 4 14],836,Ninotchka (1939),https://images-na.ssl-images-amazon.com/images/M/MV5BOTQ1ZDg5MjctZmNkNC00M2E5LTgyMjEtMjg0NDVjMTBiZjFhXkEyXkFqcGdeQXVyNjc0MzMzNjA@..jpg,http://www.imdb.com/title/tt0031725/?ref_=fn_al_tt_1,A stern Russian woman sent to Paris on official business finds herself attracted to a man who represents everything she is supposed to detest.,7.9,20K,['Ernst Lubitsch'],"['Charles Brackett', 'Billy Wilder', 'Walter Reisch']","['Greta Garbo', 'Melvyn Douglas', 'Ina Claire', 'Bela Lugosi', 'Sig Ruman', 'Felix Bressart', 'Alexander Granach', 'Gregory Gaye', 'Rolfe Sedan', 'Edwin Maxwell', 'Richard Carle', 'Dorothy Adams', 'Monya Andre', 'Nino Bellini', 'Wilda Bennett', 'Eumenio Blanco', 'Symona Boniface', 'Frederika Brown']",Not Rated,1939,1h 50min
20,[5 7],1122,They Made Me a Criminal (1939),https://images-na.ssl-images-amazon.com/images/M/MV5BZjIwZGQ3OWItMzBlOC00NzQ4LTlmYzUtYjc2NTdhYjk5MTJkXkEyXkFqcGdeQXVyMTMxMTY0OTQ@..jpg,http://www.imdb.com/title/tt0032022/?ref_=fn_al_tt_1,A boxer flees believing he has comitted a murder while he was drunk.,6.9,2.2K,['Busby Berkeley'],"['Sig Herzig', 'Bertram Millhauser', 'Beulah Marie Dix']","['John Garfield', 'Claude Rains', 'The Dead End Kids', 'Ann Sheridan', 'May Robson', 'Gloria Dickson', 'Billy Halop', 'Bobby Jordan', 'Leo Gorcey', 'Huntz Hall', 'Gabriel Dell', 'Bernard Punsly', 'Robert Gleckler', 'John Ridgely', 'Barbara Pepper', 'William B. Davidson', 'Ward Bond', 'Robert Strange']",Approved,1939,1h 32min
21,[ 4 14],1487,Even Cowgirls Get the Blues (1993),https://images-na.ssl-images-amazon.com/images/M/MV5BMTIzMjY3MDY4Ml5BMl5BanBnXkFtZTcwMjY2MzcyMQ@@..jpg,http://www.imdb.com/title/tt0106834/?ref_=fn_al_tt_1,"Sissy Hankshaw (Uma Thurman) is born with enormous thumbs that help her hitchhiking through the U.S. from a young age. She becomes a model in advertising, and her New York agent, ""the Countess"" (Sir John Hurt), sends her to his ranch in California to shoot a commercial, set against the background of mating whooping cranes. There, she befriends Bonanza Jellybean (Rain Phoenix), one of the cowgirls at the beauty ranch. The cowgirls take command of the ranch from the Countess and drug the cranes with peyote. The Police besiege the ranch.",4.4,7.3K,['Gus Van Sant'],"['Tom Robbins', 'Gus Van Sant']","['Uma Thurman', 'Lorraine Bracco', 'Pat Morita', 'Angie Dickinson', 'Keanu Reeves', 'John Hurt', 'Rain Phoenix', 'Ed Begley Jr.', 'Carol Kane', 'Sean Young', 'Crispin Glover', 'Roseanne Barr', 'Buck Henry', 'Grace Zabriskie', 'Treva Jeffryes', 'Ken Kesey', 'Ken Babbs', 'Allen Arnold']",R,1993,1h 46min
22,[7],287,Marvin's Room (1996),https://images-na.ssl-images-amazon.com/images/M/MV5BOTk0ZDk3YWItZDZlOC00Y2FiLTgxNzYtODZmYzdkYWVmNmRiXkEyXkFqcGdeQXVyMTQxNzMzNDI@..jpg,http://www.imdb.com/title/tt0116999/?ref_=fn_al_tt_1,"After seventeen years, a fiercely independent woman and her rebellious son return home and together they turn the family she left behind upside down.",6.7,27K,['Jerry Zaks'],['Scott McPherson'],"['Meryl Streep', 'Leonardo DiCaprio', 'Diane Keaton', 'Robert De Niro', 'Hume Cronyn', 'Gwen Verdon', 'Hal Scardino', 'Dan Hedaya', 'Margo Martindale', 'Cynthia Nixon', 'Kelly Ripa', 'John Callahan', 'Olga Merediz', 'Joe Lisi', 'Steve DuMouchel', 'Bitty Schram', 'Lizbeth Mackay', 'Helen Stenborg']",PG-13,1996,1h 38min
23,[6],1482,"Gate of Heavenly Peace, The (1995)",https://images-na.ssl-images-amazon.com/images/M/MV5BZmQ5ZmEwMDEtZTUxMi00NTQyLTgyNmEtODc4ZjIwZWI5YjY1XkEyXkFqcGdeQXVyNDc3MTk3Njg@..jpg,http://www.imdb.com/title/tt0113147/?ref_=fn_al_tt_1,A Frontline documentary about the events that took place in Tianamen square in 1989.,8.6,364,"['Richard Gordon', 'Carma Hinton']","['Geramie Barmé', 'John Crowley']","['Deborah Amos', 'Carma Hinton', 'Edward Stanley']",,"Episode aired Apr 16, 1997",3h
24,[ 4 13 14],394,Radioland Murders (1994),https://images-na.ssl-images-amazon.com/images/M/MV5BMWRkYzc3YjYtNWY3Yy00Y2FmLTgyOTYtM2U2ZDg0MDA0MTIwXkEyXkFqcGdeQXVyNDk3NzU2MTQ@..jpg,http://www.imdb.com/title/tt0110939/?ref_=fn_al_tt_1,A series of mysterious crimes confuses existence of a radio network.,6.2,3.6K,['Mel Smith'],"['George Lucas', 'Willard Huyck', 'Gloria Katz']","['Brian Benben', 'Mary Stuart Masterson', 'Ned Beatty', 'George Burns', 'Scott Michael Campbell', 'Brion James', 'Michael Lerner', 'Michael McKean', 'Jeffrey Tambor', 'Stephen Tobolowsky', 'Christopher Lloyd', 'Larry Miller', 'Anita Morris', 'Corbin Bernsen', 'Rosemary Clooney', 'Bobcat Goldthwait', 'Robert Walden', 'Dylan Baker']",PG,1994,1h 48min
25,[5],1081,Curdled (1996),https://images-na.ssl-images-amazon.com/images/M/MV5BNmMwZWFmZmQtOGY2ZC00M2RjLTgzYzAtNTBmZTJkNWUxNGRkXkEyXkFqcGdeQXVyMTQxNzMzNDI@..jpg,http://www.imdb.com/title/tt0115994/?ref_=fn_al_tt_1,"After getting interested in murder as a kid in Colombia, Gabriela now has a scrapbook on murders including clippings on ""The Blue Blood Killer"". While cleaning his latest murder scene in Miami, she comes across a clue missed by the cops.",5.9,5.2K,['Reb Braddock'],"['Reb Braddock', 'John Maass', 'Quentin Tarantino']","['William Baldwin', 'Angela Jones', 'Bruce Ramsay', 'Lois Chiles', 'Barry Corbin', 'Mel Gorham', 'Daisy Fuentes', 'Carmen López', 'Vivienne Sendaydiego', 'Caridad Ravelo', 'Sandra Thigpen', 'Kelly Preston', 'Lupita Ferrer', 'Sabrina Profitt', 'Charley Tucker', 'Allysa Tacher', 'Nattacha Amador', 'Therese Marie Gutierrez']",R,1996,1h 28min
26,[ 4  7 18],944,Renaissance Man (1994),https://images-na.ssl-images-amazon.com/images/M/MV5BMTI5MDI4MzM4M15BMl5BanBnXkFtZTcwMTE2MTIyMQ@@..jpg,http://www.imdb.com/title/tt0110971/?ref_=fn_al_tt_1,A failed businessman is hired by the army to teach a group of underachieving recruits in order to help them pass basic training.,6.2,17K,['Penny Marshall'],['Jim Burnstein'],"['Danny DeVito', 'Gregory Hines', 'James Remar', 'Ed Begley Jr.', 'Lillo Brancato', 'Stacey Dash', 'Kadeem Hardison', 'Richard T. Jones', 'Khalil Kain', 'Peter Simmons', 'Gregory Sporleder', 'Mark Wahlberg', 'Cliff Robertson', 'Ben Wright', 'Ann Cusack', 'Jeb Brown', 'Paul Abbott', 'Nat Mauldin']",PG-13,1994,2h 8min
27,[2 4],240,Beavis and Butt-head Do America (1996),https://images-na.ssl-images-amazon.com/images/M/MV5BNWY3NmNlYzYtNzY5Yy00Y2Q1LWE1NWEtYzQ2NDM4YTMyYjVmXkEyXkFqcGdeQXVyMTQxNzMzNDI@..jpg,http://www.imdb.com/title/tt0115641/?ref_=fn_al_tt_1,"Our intrepid adolescent heroes wake up to find their beloved television stolen, and embark on an epic journey across America to recover it, and, who knows, maybe even score.",6.8,54K,"['Mike Judge', 'Mike de Seve', 'Brian Mulroney']","['Mike Judge', 'Joe Stillman', 'Brian Mulroney']","['Mike Judge', 'Bruce Willis', 'Demi Moore', 'Cloris Leachman', 'Robert Stack', 'Jacqueline Barba', 'Pamela Blair', 'Eric Bogosian', 'Kristofor Brown', 'Tony Darling', 'John Doman', 'Francis Dumaurier', 'Jim Flaherty', 'Tim Guinee', 'David Letterman', 'Toby Huss', 'Sam Johnson', 'Richard Linklater']",PG-13,1996,1h 21min
28,[0],1414,Coldblooded (1995),https://images-na.ssl-images-amazon.com/images/M/MV5BMTk5NDM3OTE0OV5BMl5BanBnXkFtZTYwNTkwMjQ5..jpg,http://www.imdb.com/title/tt0112702/?ref_=fn_al_tt_1,A bookie is promoted to Hitman and seemingly excels at his new found job.,6.7,3.7K,['Wallace Wolodarsky'],['Wallace Wolodarsky'],"['Jason Priestley', 'Kimberly Williams-Paisley', 'Peter Riegert', 'Robert Loggia', 'Jay Kogen', 'Janeane Garofalo', 'Josh Charles', 'David Anthony Higgins', 'Doris Grau', 'Anne Carroll', 'Buck McDancer', 'Marcos A. Ferraez', 'Gilbert Rosales', 'Jim Turner', 'Michael J. Fox', 'Talia Balsam', 'Marc Wolodarsky', ""Kay O'Connell""]",R,1995,1h 32min
29,[10 16],565,Village of the Damned (1995),https://images-na.ssl-images-amazon.com/images/M/MV5BNTY5MzEwMjctMmQ1MS00YThmLWJhMjQtYzMxOWZlNTEyNGM5XkEyXkFqcGdeQXVyMTQxNzMzNDI@..jpg,http://www.imdb.com/title/tt0114852/?ref_=fn_al_tt_1,A small town's women give birth to unfriendly alien children posing as humans.,5.7,31K,['John Carpenter'],"['John Wyndham', 'Stirling Silliphant', 'Wolf Rilla']","['Christopher Reeve', 'Kirstie Alley', 'Linda Kozlowski', 'Michael Paré', 'Meredith Salenger', 'Mark Hamill', 'Pippa Pearthree', 'Peter Jason', 'Constance Forslund', 'Karen Kahn', 'Thomas Dekker', 'Lindsey Haun', 'Cody Dorkin', 'Trishalee Hardy', 'Jessye Quarry', 'Adam Robbins', 'Chelsea DeRidder Simms', 'Renee Rene Simms']",R,1995,1h 38min
30,[4],1029,Jury Duty (1995),https://images-na.ssl-images-amazon.com/images/M/MV5BN2RlNGM4NjEtNjUxZC00YjA2LThjYjQtMDdkNDA1YzNlNzJjXkEyXkFqcGdeQXVyMTQxNzMzNDI@..jpg,http://www.imdb.com/title/tt0113500/?ref_=fn_al_tt_1,Jobless loser Tommy Collins is sequestered to be a juror in a serial killer trial. He does everything he can to prolong the trial and deliberations to take full advantage of the free lodging and food.,4.3,7.9K,['John Fortenberry'],"['Barbara Williams', 'Samantha Adams', 'Neil Tolkin']","['Pauly Shore', 'Tia Carrere', 'Stanley Tucci', 'Brian Doyle-Murray', 'Abe Vigoda', 'Charles Napier', 'Richard Edson', 'Richard Riehle', 'Alex Datcher', 'Richard T. Jones', 'Sharon Barr', 'Jack McGee', 'Nick Bakay', 'Ernie Lee Banks', 'Shelley Winters', 'Dick Vitale', 'Billie Bird', 'Jorge Luis Abreu']",PG-13,1995,1h 28min
31,[4 7],964,"Month by the Lake, A (1995)",https://images-na.ssl-images-amazon.com/images/M/MV5BMTMwMDgzNTI2N15BMl5BanBnXkFtZTcwMTQ3NjEyMQ@@..jpg,http://www.imdb.com/title/tt0113849/?ref_=fn_al_tt_1,"At a Lake Como resort, Miss Bentley, an attractive older guest, meets a handsome, well-to-do bachelor. But when he's more interested in a beautiful young flirt, the mischievous Miss Bentley goes to outrageous lengths to reel in her catch.",6.3,2.4K,['John Irvin'],"['H.E. Bates', 'Trevor Bentham', 'Josep Llurba']","['Vanessa Redgrave', 'Edward Fox', 'Uma Thurman', 'Alida Valli', 'Carlo Cartier', 'Alessandro Gassmann', 'Natalia Bizzi', 'Frances Nacman', 'Paolo Lombardi', 'Riccardo Rossi', 'Sonia Martinelli', 'Veronica Wells', 'Carlotta Bresciani', 'Bianca Tognocchi', 'Ayanta Barilli']",PG,1995,1h 32min
32,[ 9 14 16],489,Notorious (1946),https://images-na.ssl-images-amazon.com/images/M/MV5BYTc1NGViOTMtNjZhNS00OGY2LWI4MmItOWQwNTY4MDMzNWI3L2ltYWdlXkEyXkFqcGdeQXVyNjc1NTYyMjg@..jpg,http://www.imdb.com/title/tt0038787/?ref_=fn_al_tt_1,A woman is asked to spy on a group of Nazi friends in South America. How far will she have to go to ingratiate herself with them?,8.0,97K,['Alfred Hitchcock'],"['Ben Hecht', 'Alfred Hitchcock', 'John Taintor Foote']","['Cary Grant', 'Ingrid Bergman', 'Claude Rains', 'Louis Calhern', 'Leopoldine Konstantin', 'Reinhold Schünzel', 'Moroni Olsen', 'Ivan Triesault', 'Alexis Minotis', 'Wally Brown', 'Charles Mendl', 'Ricardo Costa', 'E.A. Krumschmidt', 'Fay Baker', 'Bernice Barrett', 'Bea Benaderet', 'Candido Bonsato', 'Charles D. Brown']",Not Rated,1946,1h 42min
33,[7],303,Ulee's Gold (1997),https://images-na.ssl-images-amazon.com/images/M/MV5BMjE4NjY3NzA0OF5BMl5BanBnXkFtZTcwMDQ3Mjg3NA@@..jpg,http://www.imdb.com/title/tt0120402/?ref_=fn_al_tt_1,"A reclusive beekeeper slowly pulls his dysfunctional family back together, but not without having to fight his son's previous dastardly cohorts.",7.0,7.1K,['Victor Nunez'],['Victor Nunez'],"['Peter Fonda', 'Patricia Richardson', 'Christine Dunford', 'Tom Wood', 'Jessica Biel', 'Vanessa Zima', 'Steven Flynn', 'Dewey Weber', 'J. Kenneth Campbell', 'Traber Burns', 'Ryan Marshall', 'Chad Fish', 'Will Sexton', 'Dale C. Marshall', 'James T. Whitehurst', 'Charles Branner', 'Jim Flanagan']",R,1997,1h 53min
34,[ 0  4 12 15],1110,Tank Girl (1995),https://images-na.ssl-images-amazon.com/images/M/MV5BMjE3ODMxNzU3NV5BMl5BanBnXkFtZTcwOTQzMTM3NA@@..jpg,http://www.imdb.com/title/tt0114614/?ref_=fn_al_tt_1,"A girl is among the few survivors of a dystopian Earth. Riding a war tank, she fights against the tyranny of a mega-corporation that dominates the remaining potable water supply of the planet.",5.4,31K,['Rachel Talalay'],"['Alan Martin', 'Jamie Hewlett', 'Tedi Sarafian']","['Lori Petty', 'Ice-T', 'Naomi Watts', 'Don Harvey', 'Jeff Kober', 'Reg E. Cathey', 'Scott Coffey', 'Malcolm McDowell', 'Stacy Linn Ramsower', 'Ann Cusack', 'Brian Wimmer', 'Iggy Pop', 'Dawn Robinson', 'Billy L. Sullivan', 'James Hong', 'Charles Lucia', 'Harlan Clark', 'Doug Jones']",R,1995,1h 44min
35,[ 7 18],1176,Welcome To Sarajevo (1997),https://images-na.ssl-images-amazon.com/images/M/MV5BMjEwNzE5NDgzMF5BMl5BanBnXkFtZTcwNTc4MTUyMQ@@..jpg,http://www.imdb.com/title/tt0120490/?ref_=fn_al_tt_1,"Journalist Flynn from the U.S., Michael Henderson from the U.K., and their teams meet at the beginning of the Bosnian war in Sarajevo. During their reports, they find an orphanage run by the devoted Mrs. Savic near the frontline. Henderson gets so involved in the kids' problems, that he decides to take one of the children, Emira, illegally back to England. He is assisted by American aid worker Nina.",6.8,7.3K,['Michael Winterbottom'],"['Michael Nicholson', 'Frank Cottrell Boyce']","['Stephen Dillane', 'Woody Harrelson', 'Marisa Tomei', 'Emira Nusevic', 'Kerry Fox', 'Goran Visnjic', 'James Nesbitt', 'Emily Lloyd', 'Igor Dzambazov', 'Gordana Gadzic', 'Juliet Aubrey', 'Drazen Sivak', 'Vesna Orel', 'Davor Janjic', 'Vladimir Jokanovic', 'Izudina Brutus', 'Labina Mitevska', 'Sanja Buric']",R,1997,1h 43min
36,[ 4 15],728,Junior (1994),https://images-na.ssl-images-amazon.com/images/M/MV5BMDUwN2E1ODMtMjRiMS00Yzk0LTk1MWYtZjE4M2I5NzcyMmI4XkEyXkFqcGdeQXVyNTIzOTk5ODM@..jpg,http://www.imdb.com/title/tt0110216/?ref_=fn_al_tt_1,"As part of a fertility research project, a male scientist agrees to carry a pregnancy in his own body.",4.7,67K,['Ivan Reitman'],"['Kevin Wade', 'Chris Conrad']","['Arnold Schwarzenegger', 'Danny DeVito', 'Emma Thompson', 'Frank Langella', 'Pamela Reed', 'Aida Turturro', 'James Eckhouse', 'Megan Cavanagh', 'Welker White', 'Kathleen Chalfant', 'Merle Kennedy', 'Judy Collins', 'Mindy Seeger', 'Christopher Meloni', 'Antoinette Peragine', 'Cassandra Wilson', 'Ellen McLaughlin', 'Stefan Gierasch']",PG-13,1994,1h 49min
37,[5 7],1156,Cyclo (1995),https://images-na.ssl-images-amazon.com/images/M/MV5BMTQ2ODY3OTA2OF5BMl5BanBnXkFtZTcwNjgxMjAwMQ@@..jpg,http://www.imdb.com/title/tt0112767/?ref_=fn_al_tt_1,"When a poor bicycle-taxi driver has his cyclo stolen, he is forced into a life of crime. Meanwhile, his sister becomes a sex worker.",7.3,5K,['Anh Hung Tran'],['Anh Hung Tran'],"['Le Van Loc', 'Tony Chiu-Wai Leung', 'Nu Yên-Khê Tran', 'Nhu Quynh Nguyen', 'Hoang Phuc Nguyen', 'Ngo Vu Quang Hal', 'Tuyet Ngan Nguyen', 'Doan Viet Ha', 'Bjuhoang Huy', 'Vo Vinh Phuc', 'Le Kinh Huy', 'Pham Ngoc Lieu', 'Tuân Anh Lê', 'Le Cong Tuan Anh', 'Van Day Nguyen', 'Bui Thi Mingh Duc', 'Thinh Trinh', 'Din Tho Nguyen']",,1995,2h 3min
38,[ 0  2  3 15 16 18],426,"Transformers: The Movie, The (1986)",https://images-na.ssl-images-amazon.com/images/M/MV5BMTM2MzQ1NDA3OV5BMl5BanBnXkFtZTcwNjM2OTczMQ@@..jpg,http://www.imdb.com/title/tt0092106/?ref_=fn_al_tt_1,"The Autobots must stop a colossal planet consuming robot who goes after the Autobot Matrix of Leadership. At the same time, they must defend themselves against an all-out attack from the Decepticons.",7.3,39K,['Nelson Shin'],['Ron Friedman'],"['Orson Welles', 'Robert Stack', 'Leonard Nimoy', 'Norman Alden', 'Jack Angel', 'Michael Bell', 'Gregg Berger', 'Susan Blu', 'Arthur Burghardt', 'Corey Burton', 'Roger C. Carmel', 'Victor Caroli', 'Regis Cordic', 'Peter Cullen', 'Scatman Crothers', 'Bud Davis', 'Walker Edmiston', 'Paul Eiding']",PG,1986,1h 24min
39,[ 4 14],255,My Best Friend's Wedding (1997),https://images-na.ssl-images-amazon.com/images/M/MV5BYjY4ZTNlMmUtNTQwZS00Mzc0LTgyOTAtODQ0MjIyOTJlNjdkXkEyXkFqcGdeQXVyMTA0MjU0Ng@@..jpg,http://www.imdb.com/title/tt0119738/?ref_=fn_al_tt_1,"When a woman's long-time friend reveals he's engaged, she realizes she loves him herself and sets out to get him, with only days before the wedding.",6.3,136K,['P.J. Hogan'],['Ronald Bass'],"['Julia Roberts', 'Dermot Mulroney', 'Cameron Diaz', 'Rupert Everett', 'Philip Bosco', 'M. Emmet Walsh', 'Rachel Griffiths', 'Carrie Preston', 'Susan Sullivan', 'Christopher Masterson', 'Raci Alexander', 'Jennifer Garrett', 'Kelleia Sheerin', 'Bree Turner', 'Cassie Creasy', 'Lucina Paquet', 'Aida Baggio', 'Shirley Kelly']",PG-13,1997,1h 45min
40,[7],59,Three Colors: Red (1994),https://images-na.ssl-images-amazon.com/images/M/MV5BYTg1MmNiMjItMmY4Yy00ZDQ3LThjMzYtZGQ0ZTQzNTdkMGQ1L2ltYWdlL2ltYWdlXkEyXkFqcGdeQXVyMTQxNzMzNDI@..jpg,http://www.imdb.com/title/tt0111495/?ref_=fn_al_tt_1,A model discovers a retired judge is keen on invading people's privacy.,8.1,98K,['Krzysztof Kieslowski'],"['Krzysztof Kieslowski', 'Krzysztof Piesiewicz', 'Agnieszka Holland']","['Irène Jacob', 'Jean-Louis Trintignant', 'Frédérique Feder', 'Jean-Pierre Lorit', 'Samuel Le Bihan', 'Marion Stalens', 'Teco Celio', 'Bernard Escalon', 'Jean Schlegel', 'Elzbieta Jasinska', 'Paul Vermeulen', 'Jean-Marie Daunas', 'Roland Carey', 'Brigitte Raul', 'Leo Ramseyer', 'Nader Farman', 'Cécile Tanner', 'Anne Theurillat']",R,1994,1h 39min
41,[6],766,Man of the Year (1995),https://images-na.ssl-images-amazon.com/images/M/MV5BMjY3MjczMjQwMV5BMl5BanBnXkFtZTcwNDM3OTEzMQ@@..jpg,http://www.imdb.com/title/tt0113756/?ref_=fn_al_tt_1,"Mockumentary look at Playgirl Magazine centerfold and 1992 Man of the Year, Dirk Shafer, who kept it a secret from the magazine that he is gay. Most of the film is a fictionalized retelling of Dirk's decision to send a photograph to Playgirl, his selection as a centerfold and then Man of the Year, his many TV interviews, his friend Vivian Paxton posing as his beard, and the pressures from his live-in lover to come out of the closet. Interspersed with this chronological narrative are a black and white look at an evening Dirk spends with Angela Lucassey, a woman from Reno who wins Playgirl's national contest to have a date with Dirk, and an interview with a stripper who tracks Dirk down.",5.9,331,['Dirk Shafer'],['Dirk Shafer'],"['Vivian Paxton', 'Claudette Sutherland', 'Michael Ornstein', 'Cal Bartlett', 'Mary Stein', 'Dirk Shafer', 'Beth Broderick', 'Cynthia Szigeti', 'Dennis Bailey', 'Charles Sloane', 'Patricia Domiano', 'Dawn Christie', 'Phyllis Franklin', 'Bill Brochtrup', 'Lu Leonard', 'Rhonda Dotson', 'Thom Collins', 'Deidra Shafer']",,1995,1h 26min
42,[6],850,"Perfect Candidate, A (1996)",https://images-na.ssl-images-amazon.com/images/M/MV5BMTMzMjgyMjI2N15BMl5BanBnXkFtZTcwMzg1NTUyMQ@@..jpg,http://www.imdb.com/title/tt0117320/?ref_=fn_al_tt_1,"The filmmakers follow Oliver North's unsuccessful 1994 bid for a Virginia Senate seat, focusing on North's campaign strategist, Mark Goodin, and a Washington Post reporter. Mudslinging ensues.",7.2,271,"['R.J. Cutler', 'David Van Taylor']","['Don Baker', 'Mark Goodin', 'Mark Merritt']","['Don Baker', 'Mark Goodin', 'Mark Merritt', 'Peter Baker', 'Glen Bolger', 'Floyd Brown', 'Tim Carpenter', 'Bill Clinton', 'J. Marshall Coleman', 'David Demasters', 'Warren Fiske', 'Mike Gooding', 'David Jacobsen', 'Laurie Kellman', 'David Lerman', 'G. Gordon Liddy', 'Mike Murphy', 'Oliver North']",,1996,1h 45min
43,[7],1256,"Designated Mourner, The (1997)",https://images-na.ssl-images-amazon.com/images/M/MV5BMTY2NDE5NjY4MV5BMl5BanBnXkFtZTcwNzkzNDIyMQ@@..jpg,http://www.imdb.com/title/tt0118964/?ref_=fn_al_tt_1,"Jack and Judy are husband and wife, and Howard is Judys father. They live in some fictional undemocratic and repressive country, and tell us a story about their lives, mostly from Jack's point of view.",6.1,362,['David Hare'],['Wallace Shawn'],"['Mike Nichols', 'Miranda Richardson', 'David de Keyser']",R,1997,1h 34min
44,[ 4 14],1377,Hotel de Love (1996),https://images-na.ssl-images-amazon.com/images/M/MV5BMTI2OTA0MzE0NF5BMl5BanBnXkFtZTcwMjA2NjEyMQ@@..jpg,http://www.imdb.com/title/tt0116565/?ref_=fn_al_tt_1,Twin brothers meet a childhood sweetheart at a tacky hotel and rediscover their love as they renew their competition for her affection.,6.1,651,['Craig Rosenberg'],['Craig Rosenberg'],"['Aden Young', 'Saffron Burrows', 'Simon Bossell', 'Pippa Grandison', 'Ray Barrett', 'Julia Blake', ""Peter O'Brien"", 'Belinda McClory', 'Caleb Cluff', 'Cassandra Magrath', 'Andrew Bibby', 'Alan Hopgood', 'Raelee Hill', 'Margaret Hoctor', 'Bayard Templin', 'Robert Lowe', 'Leo Faust', 'Alan Stone']",R,1996,1h 36min
45,[7],37,Nadja (1994),https://images-na.ssl-images-amazon.com/images/M/MV5BMTk2NTE5MDI4MV5BMl5BanBnXkFtZTcwODM4MDMzMQ@@..jpg,http://www.imdb.com/title/tt0110620/?ref_=fn_al_tt_1,"This ultra-hip, post-modern vampire tale is set in contemporary New York City. Members of a dysfunctional family of vampires are trying to come to terms with each other, in the wake of their father's death. Meanwhile, they are being hunted by Dr. Van Helsing and his hapless nephew. As in all good vampire movies, forces of love are pitted against forces of destruction.",6.1,3.2K,['Michael Almereyda'],['Michael Almereyda'],"['Elina Löwensohn', 'Peter Fonda', 'Nic Ratner', 'Karl Geary', 'Martin Donovan', 'Jack Lotz', 'Galaxy Craze', 'David Lynch', 'Isabel Gillies', 'José Zúñiga', 'Bernadette Jurkowski', 'Jeff Winner', 'Sean', 'Suzy Amis', 'Jared Harris', 'Bob Gosse', 'Rome Neal', 'Giancarlo Roma']",R,1994,1h 33min
46,[5 7],1519,New Jersey Drive (1995),https://images-na.ssl-images-amazon.com/images/M/MV5BMTc0NzA1MTA3Ml5BMl5BanBnXkFtZTcwMTc3NTcyMQ@@..jpg,http://www.imdb.com/title/tt0113967/?ref_=fn_al_tt_1,"Jason and Midget are two young, black teenagers living in Newark,New Jersey, the unofficial car theft capital of the world. Their favourite pastime is that of everybody in their neighbourhood: stealing cars and joyriding. The trouble starts when they steal a police car and the cops launch a violent offensive that involves beating and even shooting suspects.",6.7,3.1K,['Nick Gomez'],"['Nick Gomez', 'Michel Marriott']","['Shar-Ron Corley', 'Gabriel Casseus', 'Saul Stein', 'Gwen McGee', 'Andre Moore', 'Donald Faison', 'Conrad Meertins Jr.', 'Devin Eggleston', 'Koran C. Thomas', 'Michele Morgan', 'Samantha Brown', 'Christine Baranski', 'Robert Jason Jackson', 'Roscoe Orman', 'Heavy D', 'Gary DeWitt Marshall', 'Sean Squire', 'Ron Brice']",R,1995,1h 38min
47,[4],819,Eddie (1996),https://images-na.ssl-images-amazon.com/images/M/MV5BMTg0MDE4NzIyMl5BMl5BanBnXkFtZTYwMTgxNTg5..jpg,http://www.imdb.com/title/tt0116168/?ref_=fn_al_tt_1,"Coincidences lead to the New York Knicks, getting its loudest fan, Edwina ""Eddie"" Franklin (Whoopi Goldberg), as coach. Season victory?",5.2,11K,['Steve Rash'],"['Steve Zacharias', 'Jeff Buhai', 'Jon Connolly']","['Whoopi Goldberg', 'Frank Langella', 'Dennis Farina', 'Richard Jenkins', 'Lisa Ann Walter', 'John Benjamin Hickey', 'Troy Byer', 'John Salley', 'Rick Fox', 'Malik Sealy', 'Mark Jackson', 'Dwayne Schintzius', 'Greg Ostertag', 'Vernel Singleton', 'Marv Albert', 'Chris Berman', 'Aasif Mandvi', 'Johnny Williams']",PG-13,1996,1h 40min
48,[ 7 10],569,Wolf (1994),https://images-na.ssl-images-amazon.com/images/M/MV5BMjY3NTgxZGItMWU2Mi00OTQ0LTg2OGQtYWI3NzU4MTYxMTBlXkEyXkFqcGdeQXVyMTQxNzMzNDI@..jpg,http://www.imdb.com/title/tt0111742/?ref_=fn_al_tt_1,Publisher Will Randall becomes a demon wolf and has to fight to keep his job.,6.2,55K,['Mike Nichols'],"['Jim Harrison', 'Wesley Strick']","['Jack Nicholson', 'Michelle Pfeiffer', 'James Spader', 'Kate Nelligan', 'Richard Jenkins', 'Christopher Plummer', 'Eileen Atkins', 'David Hyde Pierce', 'Om Puri', 'Ron Rifkin', 'Prunella Scales', 'Brian Markinson', 'Peter Gerety', 'Bradford English', 'Stewart J. Zully', 'Thomas F. Duffy', 'Tom Oppenheim', 'Shirin Devrim']",R,1994,2h 5min
49,[ 0 16],684,In the Line of Fire (1993),https://images-na.ssl-images-amazon.com/images/M/MV5BMjdhYjRlMTgtNTMzOS00OTZlLWIxMjAtNjM4NGY0NGQxODM3XkEyXkFqcGdeQXVyNDk3NzU2MTQ@..jpg,http://www.imdb.com/title/tt0107206/?ref_=fn_al_tt_1,"Secret Service agent Frank Horrigan (Clint Eastwood) couldn't save Kennedy, but he's determined not to let a clever assassin take out this president.",7.2,98K,['Wolfgang Petersen'],['Jeff Maguire'],"['Clint Eastwood', 'John Malkovich', 'Rene Russo', 'Dylan McDermott', 'Gary Cole', 'Fred Thompson', 'John Mahoney', 'Gregory Alan Williams', 'Jim Curley', 'Sally Hughes', 'Clyde Kusatsu', 'Steve Hytner', 'Tobin Bell', 'Bob Schott', 'Juan A. Riojas', 'Elsa Raven', 'Arthur Senzy', 'Patrika Darbo']",R,1993,2h 8min
